Row,Action,1,2,3,4,5,6,7,Average
1,Shelves\_Lamp\_Toggle,0.375,0.4,0.4,0,0,0,0,0.1678571429
2,Spotify\_PlayPause,0.6,1,0.1666666667,0.4,0.5,0,0,0.380952381
3,Spotify\_Next,0,0.5,0.1428571429,0.75,1,0,0,0.3988095238
4,Architect\_Lamp\_Toggle,0.8,0.6,0.2,1,0.2,0,1,0.5428571429
5,TV\_Lamp\_Toggle,1,1,0,1,1,0,1,0.7142857143
6,Spotify\_PlayPause (Virtual),0,0,0,0.75,0.6666666667,0,0.75,0.5416666667
7,Shelves\_Lamp\_Toggle,0.6,0.8333333333,0.2222222222,0.3333333333,0,0,0,0.3314814815
8,Average,0.5625,0.7222222222,0.1616780045,0.6047619048,0.480952381,0,0.4583333333,0.4361381674
