Row,Intended Gesture,1,2,3,4,5,6,7,Average
1,V,0.625,1,1,1,0.4,0.4,0.6,0.7178571429
2,Circle,0.8,1,0,0.4,0.5,0.2,0,0.4142857143
3,Swipe Left to Right,0,0.75,0,0.75,1,0.2,1,0.5285714286
4,V,0.6,0.8,0.6,1,0.4,0.2,0.25,0.55
5,Zorro,1,1,0,1,0.8333333333,0,0.75,0.6547619048
6,Circle,0,0,0.1111111111,0.25,0.6666666667,0,0.3333333333,0.3402777778
7,V,0.8,1,0.4444444444,0.6666666667,0.1666666667,0,0,0.6155555556
8,Average,0.6375,0.925,0.3079365079,0.7238095238,0.5666666667,0.2,0.4888888889,
