Row,Action,1,2,3,4,5,6,7,Average
1,Shelves\_Lamp\_Toggle,0.75,1,1,1,1,0,1,0.8214285714
2,Spotify\_PlayPause,1,1,1,1,1,0,1,0.8571428571
3,Spotify\_Next,1,0.75,1,1,1,0.4,0,0.8583333333
4,Architect\_Lamp\_Toggle,1,1,0.3,1,1,0,1,0.7571428571
5,TV\_Lamp\_Toggle,1,1,1,1,1,0,1,0.8571428571
6,Spotify\_PlayPause (Virtual),0,0,0,1,1,0,1,0.75
7,Shelves\_Lamp\_Toggle,0.8,1,0.8888888889,1,0.5,0,1,0.8648148148
8,Average,0.925,0.9583333333,0.7412698413,1,0.9285714286,0.08,1,0.827020202
